year,Afghanistan,Albania,Algeria,American Samoa,Andorra,Angola,Anguilla,Antigua and Barbuda,Argentina,Armenia,Aruba,Australia,Austria,Azerbaijan,Bahamas,Bahrain,Bangladesh,Barbados,Belarus,Belgium,Belize,Benin,Bermuda,Bhutan,Bolivia,Bosnia and Herzegovina,Botswana,Brazil,British Virgin Islands,Brunei ,Bulgaria,Burkina Faso,Burundi,Cabo Verde,Cambodia,Cameroon,Canada,Caribbean Netherlands,Cayman Islands,Central African Republic,Chad,Chile,China,Colombia,Comoros,Congo,Cook Islands,Costa Rica,Croatia,Cuba,Curaçao,Cyprus,Czech Republic (Czechia),Côte d'Ivoire,DR Congo,Denmark,Djibouti,Dominica,Dominican Republic,Ecuador,Egypt,El Salvador,Equatorial Guinea,Eritrea,Estonia,Eswatini,Ethiopia,Faeroe Islands,Falkland Islands,Fiji,Finland,France,French Guiana,French Polynesia,Gabon,Gambia,Georgia,Germany,Ghana,Gibraltar,Greece,Greenland,Grenada,Guadeloupe,Guam,Guatemala,Guinea,Guinea-Bissau,Guyana,Haiti,Holy See,Honduras,Hong Kong,Hungary,Iceland,India,Indonesia,Iran,Iraq,Ireland,Isle of Man,Israel,Italy,Jamaica,Japan,Jordan,Kazakhstan,Kenya,Kiribati,Kuwait,Kyrgyzstan,Laos,Latvia,Lebanon,Lesotho,Liberia,Libya,Liechtenstein,Lithuania,Luxembourg,Macao,Madagascar,Malawi,Malaysia,Maldives,Mali,Malta,Marshall Islands,Martinique,Mauritania,Mauritius,Mayotte,Mexico,Micronesia,Moldova,Monaco,Mongolia,Montenegro,Montserrat,Morocco,Mozambique,Myanmar,Namibia,Nauru,Nepal,Netherlands,New Caledonia,New Zealand,Nicaragua,Niger,Nigeria,Niue,North Korea,North Macedonia,Northern Mariana Islands,Norway,Oman,Pakistan,Palau,Panama,Papua New Guinea,Paraguay,Peru,Philippines,Poland,Portugal,Puerto Rico,Qatar,Romania,Russia,Rwanda,Réunion,Saint Barthelemy,Saint Helena,Saint Kitts & Nevis,Saint Lucia,Saint Martin,Saint Pierre & Miquelon,Samoa,San Marino,Sao Tome & Principe,Saudi Arabia,Senegal,Serbia,Seychelles,Sierra Leone,Singapore,Sint Maarten,Slovakia,Slovenia,Solomon Islands,Somalia,South Africa,South Korea,South Sudan,Spain,Sri Lanka,St. Vincent & Grenadines,State of Palestine,Sudan,Suriname,Sweden,Switzerland,Syria,Taiwan,Tajikistan,Tanzania,Thailand,Timor-Leste,Togo,Tokelau,Tonga,Trinidad and Tobago,Tunisia,Turkey,Turkmenistan,Turks and Caicos,Tuvalu,U.S. Virgin Islands,Uganda,Ukraine,United Arab Emirates,United Kingdom,United States,Uruguay,Uzbekistan,Vanuatu,Venezuela,Vietnam,Wallis & Futuna,Western Sahara,Yemen,Zambia,Zimbabwe
1955,7971931.0,1453730.0,10242288.0,19826,6116,4938118.0,5752,50264.0,18700686.0,1604376.0,46464.0,9209844.0,6946260.0,3550017.0,92444.0,134865.0,44315548.0,227320.0,7976356.0,8834526.0,79986.0,2360081.0,39136,196014.0,3357923.0,2958430.0,461880.0,62701031.0,7516,64267.0,7517922.0,4472824.0,2495193.0,195389.0,4931224.0,4670538.0,15733923.0,7527,8129,1545898.0,2756169.0,7323194.0,603320147.0,13512612.0,177885.0,933418.0,16129,1123982.0,4049659.0,6559586.0,114659.0,534125.0,9288972.0,3154282.0,13638427.0,4426508.0,72997.0,51895,2791108.0,4022378.0,23841701.0,2448633.0,245800.0,895009.0,1168276.0,307078.0,19703738.0,32127,2187,343693.0,4235413.0,43593851.0,25456.0,74475.0,489459.0,349374.0,3738231.0,71222628.0,5887163.0,21541,8146022.0,26295,82656.0,242576.0,65977.0,3560239.0,3234056.0,563713.0,483316.0,3545999.0,911,1796527.0,2490487.0,9823331.0,157735.0,398577992.0,77741502.0,18873864.0,6405686.0,2886368.0,52283,1564960.0,48130728.0,1552883.0,90090281.0,622010.0,7858733.0,6558870.0,42008.0,183458.0,1944992.0,1893389.0,2032505.0,1556327.0,641361.0,1013790.0,1225687.0,14945,2699051.0,305514.0,195757.0,4467590.0,3240318.0,6786077.0,81823.0,5014680.0,323596.0,14062,262164.0,738577.0,596866.0,22942.0,31452141.0,178572.0,2714714.0,20430,844997.0,441379.0,13432,10242168.0,6318904.0,19522788.0,547430.0,3818,9284895.0,10767906.0,69989.0,2140976.0,1539551.0,3018555.0,40839223.0,4673,10360269.0,1379140.0,7635,3429090.0,492416.0,41023128.0,8252,980004.0,1734921.0,1685747.0,8825897.0,23027910.0,27099199.0,8665451.0,2309782.0,28668.0,17455291.0,110971852.0,2537919.0,301358.0,2130,5311,52347,88463.0,3538,4726,98037.0,13967,65300.0,3581910.0,2847262.0,6348547.0,39788.0,2135644.0,1267611.0,1973,3796626.0,1521772.0,117314.0,2529910.0,14594129.0,22075008.0,2695349.0,29095374.0,8749627.0,71822.0,997117.0,7193065.0,227145.0,7264351.0,5002410.0,3989101.0,9229462.0,1805209.0,8725576.0,23173970.0,437426.0,1518825.0,1629,58024.0,742576.0,3975544.0,23821353.0,1363507.0,5127,5195,29303.0,6601785.0,39836510.0,101803.0,51193266.0,161136449.0,2366209.0,7141923.0,56770.0,6752139.0,28263031.0,9616,20690.0,5091603.0,2677209.0,3263625.0
1960,8622466.0,1711189.0,11394307.0,20085,9443,5357195.0,5752,55342.0,20349744.0,1904148.0,54608.0,10286647.0,7046553.0,4131484.0,114500.0,160691.0,50396429.0,232550.0,8389183.0,9108724.0,91403.0,2512284.0,42026,221266.0,3707515.0,3262539.0,512865.0,73092515.0,7850,85346.0,7891756.0,4783259.0,2746628.0,209849.0,5541676.0,5117608.0,17909356.0,7678,8473,1679728.0,3028688.0,8141820.0,654170692.0,15687688.0,194852.0,1055693.0,17631,1346302.0,4215324.0,7267395.0,131274.0,585725.0,9539362.0,3708661.0,15276558.0,4581727.0,85940.0,59379,3298021.0,4618158.0,27034499.0,2779327.0,267351.0,993568.0,1218064.0,345065.0,21739710.0,34154,2265,401841.0,4430173.0,45659575.0,31125.0,84851.0,513340.0,399649.0,4051492.0,73063695.0,6911510.0,21822,8495415.0,32124,93772.0,276976.0,72374.0,4098352.0,3516814.0,577933.0,571990.0,3901139.0,918,2078617.0,3114671.0,9982610.0,175566.0,445954579.0,88382881.0,21388806.0,7084678.0,2811067.0,48793,1902247.0,49517707.0,1642331.0,94464839.0,847936.0,9319283.0,7751435.0,47093.0,305415.0,2216530.0,2122532.0,2154251.0,1798092.0,737838.0,1137026.0,1426986.0,16472,2875684.0,314168.0,177014.0,5073342.0,3621081.0,7833782.0,91650.0,5346792.0,337628.0,15374,290092.0,838478.0,676683.0,26165.0,36268055.0,200558.0,3133267.0,21797,977903.0,473046.0,12100,11769774.0,6788375.0,21720697.0,590181.0,4582,10167941.0,11493117.0,81236.0,2381189.0,1789684.0,3497431.0,44928342.0,4876,11655666.0,1462368.0,8702,3581520.0,536553.0,45954226.0,9446,1126989.0,1985666.0,1894829.0,10172207.0,28486871.0,29509903.0,8882469.0,2365072.0,36385.0,18458008.0,119735095.0,2966162.0,365994.0,2193,5368,56660,91614.0,4135,4925,113335.0,15556,68038.0,4165563.0,3273177.0,6579989.0,43167.0,2301310.0,1601079.0,2646,4124239.0,1599571.0,133440.0,2870732.0,16520441.0,25817529.0,2907724.0,30415591.0,9783871.0,84141.0,1073842.0,8326462.0,268396.0,7492895.0,5328273.0,4610712.0,10983147.0,2131992.0,10042458.0,26596584.0,468573.0,1651367.0,1795,67428.0,847063.0,4195467.0,27510980.0,1602052.0,5604,5404,32861.0,7617746.0,42767251.0,133426.0,52543017.0,176188578.0,2529021.0,8372311.0,64608.0,8156937.0,32718461.0,8780,33023.0,5542459.0,3119430.0,3806310.0
1965,9565147.0,2009789.0,12381256.0,23391,13563,5736582.0,6018,59644.0,22053661.0,2234051.0,58782.0,11359442.0,7269888.0,4837811.0,144849.0,193012.0,58500159.0,237694.0,8854528.0,9412087.0,104838.0,2735843.0,47074,255010.0,4115511.0,3565517.0,570975.0,84623747.0,8018,107686.0,8245072.0,5157929.0,3118134.0,244156.0,6170727.0,5690086.0,19688805.0,8482,9366,1849171.0,3336338.0,8994936.0,723846349.0,18275814.0,214939.0,1207412.0,18767,1602736.0,4371381.0,8067651.0,141049.0,617345.0,9702730.0,4492890.0,17438254.0,4756337.0,108772.0,63744,3868712.0,5337351.0,30818469.0,3179506.0,295010.0,1121739.0,1292004.0,388317.0,24727506.0,36346,2308,469010.0,4564583.0,48168804.0,38946.0,98674.0,547535.0,458908.0,4418592.0,76037469.0,7827726.0,23910,8526254.0,38539,98226.0,303438.0,80255.0,4744461.0,3845074.0,577638.0,650207.0,4274348.0,908,2403465.0,3602029.0,10140853.0,192309.0,500114346.0,101157868.0,24667026.0,8270544.0,2852401.0,50057,2361088.0,51452854.0,1746977.0,99468746.0,1093474.0,10897644.0,9417207.0,53444.0,513840.0,2615167.0,2379456.0,2287805.0,2087445.0,860220.0,1287315.0,1700072.0,18500,3052979.0,329794.0,209278.0,5780453.0,4089097.0,9091016.0,104566.0,5726382.0,326401.0,18154,313791.0,965621.0,758628.0,30165.0,42737991.0,229207.0,3476796.0,23022,1134072.0,503188.0,11725,13381880.0,7524154.0,24286878.0,657887.0,5804,11232951.0,12275791.0,94803.0,2638316.0,2084097.0,4053524.0,49925799.0,5316,13105946.0,1547982.0,10229,3723510.0,593808.0,51841626.0,10563,1310556.0,2222178.0,2143153.0,11781581.0,32805538.0,31224081.0,8899092.0,2564270.0,64843.0,19117072.0,126400607.0,3348631.0,427612.0,2346,5469,52016,97024.0,4832,5152,129789.0,17273,71730.0,4978922.0,3770874.0,6902989.0,48123.0,2520576.0,1860651.0,4161,4363511.0,1669453.0,151495.0,3267593.0,19187194.0,29179407.0,3143622.0,32112015.0,11035224.0,91495.0,1148517.0,9712785.0,321069.0,7755752.0,5857047.0,5368451.0,13070708.0,2538295.0,11630603.0,30940270.0,507477.0,1820396.0,1896,77686.0,928462.0,4457282.0,31374536.0,1897095.0,5650,5548,46283.0,8829056.0,45387091.0,173797.0,54229565.0,189703283.0,2680427.0,10130096.0,74677.0,9688138.0,37466077.0,8887,51206.0,6097298.0,3658024.0,4447149.0
1970,10752971.0,2324731.0,13795915.0,27075,19860,6029700.0,6283,64517.0,23842803.0,2534377.0,59106.0,12595034.0,7465301.0,5425317.0,179129.0,222555.0,67541860.0,241397.0,9170786.0,9629376.0,120905.0,3023443.0,52019,298894.0,4585693.0,3815561.0,592244.0,96369875.0,9581,133343.0,8582950.0,5611666.0,3497834.0,287262.0,6708525.0,6452787.0,21434577.0,9681,10533,2067356.0,3667394.0,9820481.0,822534450.0,20905254.0,242351.0,1396989.0,20470,1855697.0,4492638.0,8869636.0,150385.0,640804.0,9795744.0,5477086.0,20151733.0,4922963.0,144379.0,68895,4475871.0,6172215.0,34781986.0,3619090.0,316955.0,1272748.0,1361999.0,442865.0,28308246.0,38416,2274,527634.0,4606621.0,50523586.0,46484.0,117891.0,597192.0,528731.0,4800426.0,78294583.0,8861895.0,26685,8544873.0,45434,98794.0,318310.0,88300.0,5453208.0,4222374.0,591663.0,705261.0,4680812.0,752,2782753.0,3955072.0,10315366.0,204468.0,557501301.0,115228394.0,28449705.0,9811347.0,2937637.0,55298,2907307.0,53324036.0,1859091.0,105416839.0,1557374.0,12265305.0,11473087.0,57437.0,802786.0,3016384.0,2675283.0,2397414.0,2381791.0,1023481.0,1463563.0,1909177.0,21089,3210147.0,339342.0,247284.0,6639751.0,4625141.0,10306508.0,123243.0,6153587.0,315414.0,23969,326428.0,1122198.0,830115.0,35383.0,50289306.0,256866.0,3711140.0,24270,1293880.0,530268.0,11402,15274351.0,8411676.0,27284112.0,754467.0,6663,12501285.0,13037686.0,110982.0,2824061.0,2444767.0,4669708.0,55569264.0,5185,14996879.0,1656783.0,10143,3875546.0,670693.0,59290872.0,11366,1516188.0,2489059.0,2408787.0,13562371.0,37435586.0,32482943.0,8683631.0,2737619.0,118007.0,19922618.0,130093010.0,3896367.0,473925.0,2417,5760,44968,103090.0,5802,5537,142771.0,18169,77583.0,6106191.0,4367744.0,7193533.0,54379.0,2778557.0,2061831.0,6260,4522867.0,1741286.0,172833.0,3720977.0,22368306.0,32601143.0,3342410.0,33792617.0,12388769.0,98459.0,1118241.0,11305206.0,379918.0,8027702.0,6181227.0,6319199.0,14957870.0,2993019.0,13618192.0,35791728.0,554021.0,2197383.0,1714,86484.0,988890.0,5047404.0,35540990.0,2201432.0,5665,5814,63446.0,10317212.0,47279086.0,298084.0,55650166.0,200328340.0,2790265.0,12011361.0,87019.0,11355475.0,41928849.0,9377,76371.0,6843607.0,4281671.0,5202918.0
1975,12157386.0,2650122.0,15724692.0,29573,27640,7032713.0,6463,64035.0,25875558.0,2830798.0,60715.0,13886854.0,7576926.0,5925012.0,201881.0,285116.0,74700345.0,247090.0,9500738.0,9763430.0,130801.0,3378703.0,53256,352269.0,5127776.0,4022090.0,727930.0,108700515.0,10282,159653.0,8860971.0,6138444.0,3749232.0,304375.0,6727922.0,7397417.0,23136252.0,10646,13791,2283927.0,4084110.0,10639531.0,915124661.0,23403731.0,280036.0,1624935.0,18863,2111850.0,4579428.0,9514305.0,155151.0,644982.0,10025715.0,6853981.0,23052715.0,5058203.0,208582.0,71300,5106453.0,7105786.0,38775584.0,4076751.0,283262.0,1450867.0,1424044.0,509535.0,32252783.0,40626,2280,575804.0,4711368.0,52450030.0,54347.0,139833.0,663340.0,612909.0,4970320.0,78513511.0,10209848.0,27973,8805415.0,49151,97165.0,324878.0,99478.0,6201734.0,4588006.0,659635.0,745590.0,5124560.0,740,3231631.0,4451220.0,10520237.0,218070.0,623524219.0,131213215.0,32856976.0,11617622.0,3157919.0,59949,3388086.0,55093989.0,2003094.0,112411640.0,1886636.0,13158942.0,13651908.0,60675.0,1095998.0,3353850.0,3012720.0,2492528.0,2691586.0,1216180.0,1671632.0,2291841.0,23030,3368287.0,353666.0,246919.0,7720859.0,5280965.0,11617947.0,143126.0,6687293.0,319619.0,27047,328795.0,1302436.0,888292.0,42097.0,58691882.0,289396.0,3913586.0,25524,1485691.0,559279.0,11533,17325325.0,9703732.0,30344276.0,876572.0,7199,13925541.0,13663969.0,136601.0,3095428.0,2857461.0,5339497.0,62851312.0,4270,16723252.0,1774013.0,15269,4007466.0,787194.0,68126999.0,12607,1734876.0,2794462.0,2714664.0,15441497.0,42394433.0,33899770.0,9202709.0,2972267.0,195043.0,21167265.0,133841842.0,4515756.0,515586.0,2575,6125,43888,111497.0,6656,5949,155263.0,19803,86037.0,7897544.0,5047922.0,7479833.0,60943.0,3055916.0,2232425.0,8906,4737059.0,1817044.0,197853.0,4228289.0,25777964.0,35930694.0,3718279.0,35760431.0,13662873.0,103879.0,1263706.0,13497543.0,392137.0,8224408.0,6338267.0,7497126.0,16551774.0,3482125.0,16243826.0,40908471.0,600126.0,2509713.0,1621,93477.0,1054017.0,5769074.0,39673590.0,2525760.0,6451,6381,81368.0,11730959.0,48892187.0,543394.0,56266842.0,211274535.0,2871947.0,13894347.0,102010.0,13176387.0,46969616.0,9723,66865.0,7855657.0,4931249.0,6097083.0
1980,12486631.0,2941651.0,18739378.0,32886,35611,8330047.0,6560,64889.0,28024803.0,3135123.0,62267.0,14706322.0,7547561.0,6383060.0,223752.0,362595.0,83929765.0,253575.0,9817257.0,9828986.0,145133.0,3833939.0,53565,415257.0,5736088.0,4199820.0,938578.0,122288383.0,11109,187921.0,8980606.0,6932967.0,4312834.0,317234.0,6198959.0,8519891.0,24511510.0,11543,17100,2415276.0,4408230.0,11469828.0,982372466.0,26176195.0,328328.0,1829256.0,17651,2414303.0,4680144.0,9809107.0,156851.0,679327.0,10270060.0,8303810.0,26708686.0,5125392.0,324121.0,72978,5755800.0,8135845.0,43748556.0,4508992.0,282509.0,1657982.0,1476983.0,598564.0,34945469.0,43054,2240,644582.0,4779418.0,53713830.0,66825.0,163591.0,749078.0,718586.0,5145843.0,77786703.0,11865246.0,28734,9307148.0,50106,94838.0,334234.0,110286.0,6987767.0,4972609.0,831462.0,778176.0,5646676.0,733,3777990.0,4978544.0,10698679.0,228263.0,696828385.0,148177096.0,38520664.0,13653369.0,3391387.0,64022,3744608.0,56329482.0,2135546.0,117624196.0,2216903.0,14172710.0,16187124.0,60813.0,1493870.0,3691209.0,3297519.0,2572037.0,2963702.0,1407672.0,1932169.0,2962720.0,25003,3521206.0,363741.0,245332.0,8948162.0,6267369.0,13215707.0,164887.0,7372581.0,333587.0,31988,333786.0,1506694.0,954865.0,52233.0,67705186.0,316885.0,4103240.0,27076,1697780.0,589324.0,11452,19678444.0,11413587.0,33465781.0,975994.0,7635,15600442.0,14130387.0,148599.0,3147168.0,3303309.0,6173177.0,72951439.0,3637,17973650.0,1907023.0,17613,4085776.0,1017462.0,80624057.0,12252,1956987.0,3104788.0,3078912.0,17492406.0,48419546.0,35521429.0,9785252.0,3214568.0,277450.0,22125224.0,138257420.0,5247532.0,551674.0,2983,6397,43097,121633.0,7776,6106,164905.0,21346,97210.0,10171710.0,5703869.0,7777010.0,65290.0,3367477.0,2400729.0,12243,4973883.0,1901570.0,233668.0,5892224.0,29463549.0,38170501.0,4192012.0,37491666.0,14943645.0,107480.0,1453620.0,16673586.0,375112.0,8311763.0,6319113.0,8898954.0,18100281.0,4045965.0,19297659.0,45737753.0,642224.0,2838110.0,1647,96708.0,1127852.0,6578156.0,44089069.0,2862903.0,7598,7731,96640.0,13284026.0,49973920.0,1014048.0,56326328.0,223140018.0,2953750.0,15947129.0,118156.0,15210443.0,52968270.0,11315,116775.0,9204938.0,5720438.0,7049926.0
1985,10512221.0,3171725.0,22132905.0,39663,43809,9970621.0,6907,65048.0,30287112.0,3300896.0,64478.0,15785682.0,7562114.0,6891140.0,245935.0,434375.0,95959099.0,257911.0,10133211.0,9880534.0,163436.0,4419552.0,55611,484528.0,6385630.0,4383306.0,1138704.0,136783180.0,13202,222119.0,8917076.0,7979185.0,4948024.0,339874.0,7376090.0,9804254.0,25843922.0,12063,21313,2553075.0,4967590.0,12326396.0,1060239979.0,29326260.0,375650.0,2062555.0,16657,2771463.0,4803325.0,10149044.0,156639.0,731664.0,10302326.0,9964075.0,30800051.0,5119452.0,400709.0,71596,6417798.0,9254311.0,50035843.0,4876757.0,378379.0,1899243.0,1525782.0,702400.0,40285965.0,45575,2232,727461.0,4902175.0,55108106.0,86931.0,187578.0,856482.0,855958.0,5338867.0,77638808.0,13651443.0,28674,9840141.0,53220,100576.0,357844.0,124675.0,7932185.0,5531661.0,900088.0,772671.0,6245539.0,719,4387693.0,5411680.0,10542754.0,241577.0,780242084.0,165791694.0,47266160.0,15753856.0,3505769.0,64376,4182681.0,56636465.0,2292030.0,121119031.0,2751492.0,15413315.0,19452161.0,66708.0,1888975.0,4064852.0,3741604.0,2655104.0,3226750.0,1616697.0,2239724.0,3684313.0,26785,3672852.0,366466.0,287700.0,10297746.0,7625078.0,15108135.0,190383.0,8187651.0,349118.0,38962,348728.0,1746265.0,1025769.0,68287.0,74872006.0,372310.0,4300695.0,28807,1919744.0,604622.0,11113,22335077.0,12680065.0,36881020.0,1093311.0,8313,17540571.0,14515704.0,159702.0,3268356.0,3763034.0,7187618.0,83585251.0,2848,19325487.0,2001504.0,32041,4152637.0,1353289.0,97121552.0,13644,2197065.0,3447579.0,3535498.0,19746610.0,54812660.0,37179160.0,9996896.0,3406279.0,365868.0,22525363.0,142896392.0,6266752.0,599299.0,4016,6650,42144,132751.0,15714,6227,166517.0,22241,106607.0,12890245.0,6520705.0,7912069.0,67833.0,3749419.0,2685994.0,19064,5146571.0,1952518.0,277158.0,6630637.0,33752964.0,41232709.0,4706975.0,38471920.0,16092338.0,110906.0,1731085.0,19517196.0,387171.0,8389913.0,6469824.0,10540926.0,19511876.0,4660598.0,22569625.0,50594940.0,682109.0,3336508.0,1739,97055.0,1199785.0,7476092.0,49175673.0,3246887.0,9577,8329,101912.0,15038915.0,50917399.0,1379536.0,56643045.0,235146182.0,3024218.0,18063201.0,133119.0,17402304.0,59811313.0,12794,150190.0,11036918.0,6686449.0,8690515.0
1990,10694796.0,3295066.0,25518074.0,47818,53569,11828638.0,8316,63328.0,32637657.0,3556539.0,65712.0,17048003.0,7678729.0,7427836.0,270679.0,517418.0,107147651.0,258868.0,10428525.0,9959560.0,182589.0,5133419.0,57470,558442.0,7096194.0,4494310.0,1341474.0,150706446.0,15617,261928.0,8767778.0,9131361.0,5483793.0,364563.0,8910808.0,11430520.0,27657204.0,12604,26027,2809221.0,5827069.0,13342868.0,1153704252.0,32601393.0,431119.0,2385435.0,17123,3158253.0,4873707.0,10626680.0,155446.0,788500.0,10301192.0,11910540.0,35987541.0,5144623.0,577173.0,69481,7129004.0,10449837.0,57214630.0,5367179.0,465549.0,2149960.0,1570674.0,854011.0,47878073.0,47479,2332,780430.0,4986545.0,56412897.0,113931.0,211089.0,983028.0,1040616.0,5391636.0,79370196.0,15446982.0,27317,10302255.0,55599,99047.0,391951.0,138263.0,9084780.0,6354145.0,973551.0,747116.0,6925331.0,700,5053234.0,5838574.0,10375989.0,255019.0,870452165.0,182159874.0,55793629.0,17658381.0,3485374.0,68865,4803254.0,56756561.0,2392030.0,123686321.0,3480587.0,16866563.0,23162269.0,75124.0,1674938.0,4394734.0,4314443.0,2689391.0,3593700.0,1798997.0,2209731.0,4236983.0,28765,3785847.0,381267.0,350227.0,11882762.0,9539665.0,17517054.0,224957.0,8945026.0,365392.0,46047,374271.0,2006027.0,1090290.0,92659.0,81720428.0,430931.0,4480199.0,30329,2161433.0,621442.0,10805,24570814.0,13303459.0,40099553.0,1369011.0,9598,19616530.0,14944548.0,177264.0,3397389.0,4227820.0,8370648.0,95214257.0,2533,20799523.0,2044174.0,48002,4241636.0,1804524.0,115414069.0,15293,2449968.0,3864972.0,4059195.0,22109099.0,61558898.0,38064255.0,10007346.0,3543776.0,441675.0,22836234.0,148005704.0,7319962.0,658992.0,5168,6608,40636,142301.0,28127,6324,168186.0,23132,120343.0,16004763.0,7536001.0,7987529.0,71057.0,4325388.0,3022209.0,27845,5261305.0,1986024.0,324171.0,6999096.0,39877570.0,44120039.0,4750817.0,38889889.0,17204094.0,112487.0,2124609.0,21090886.0,412756.0,8548406.0,6711693.0,12408996.0,20586174.0,5417860.0,26206012.0,55228410.0,758106.0,3875947.0,1669,98727.0,1266518.0,8440023.0,54324142.0,3720278.0,11709,9182,100685.0,17586630.0,51589817.0,1900151.0,57210442.0,248083732.0,3117012.0,20579100.0,150882.0,19750579.0,66912613.0,13454,178529.0,13375121.0,7686401.0,10113893.0
1995,16418912.0,3284364.0,28478022.0,53401,62928,13912253.0,9601,68398.0,34946110.0,3322782.0,77050.0,18002999.0,7947296.0,7889330.0,299554.0,612934.0,117793338.0,262303.0,10461696.0,10095198.0,203556.0,6046511.0,59465,527536.0,7841471.0,3750527.0,1543634.0,163515328.0,17674,299097.0,8477579.0,10353263.0,5932783.0,411382.0,10919528.0,13211647.0,29289423.0,13206,32802,3276706.0,6888856.0,14416796.0,1218144426.0,35970101.0,483760.0,2742309.0,17735,3572856.0,4807100.0,10926703.0,150592.0,862418.0,10311702.0,14299727.0,43285791.0,5235197.0,629619.0,69201,7869753.0,11561683.0,64166908.0,5748195.0,560740.0,2157220.0,1452775.0,953573.0,57476536.0,43805,2735,792246.0,5107943.0,57420354.0,137183.0,231446.0,1121964.0,1242155.0,4877676.0,81123262.0,17438874.0,27412,10727927.0,55788,104060.0,413935.0,150094.0,10363090.0,7468347.0,1117222.0,751689.0,7627316.0,676,5812832.0,6243859.0,10327169.0,267681.0,964279129.0,198140162.0,60794809.0,20948858.0,3579482.0,71454,5478734.0,56885126.0,2509372.0,125433969.0,4458195.0,16434324.0,26878347.0,81481.0,1655222.0,4596456.0,4927432.0,2570151.0,3959640.0,1934079.0,2142422.0,4733063.0,30890,3747267.0,407635.0,396641.0,13869138.0,10112816.0,20136888.0,258208.0,9921094.0,381849.0,50702,409942.0,2380341.0,1160207.0,124941.0,89969572.0,468846.0,4461231.0,31482,2330334.0,632066.0,8342,26599048.0,15594830.0,42880186.0,1605370.0,10316,22305571.0,15446668.0,199701.0,3673893.0,4721929.0,9813918.0,108187610.0,2339,22385536.0,1983964.0,48717,4359333.0,2172672.0,133117476.0,17209,2716067.0,4616439.0,4603917.0,24449055.0,69250468.0,38401978.0,10051248.0,3704947.0,515133.0,22533134.0,148557451.0,5686897.0,725978.0,6144,6344,42550,152348.0,29435,6412,174902.0,24886,133077.0,18888857.0,8632681.0,7982462.0,74735.0,4324149.0,3543875.0,31596,5349997.0,1991106.0,375189.0,7210930.0,43986084.0,45393418.0,5302042.0,39814573.0,18177572.0,114174.0,2623144.0,23290602.0,434490.0,8758496.0,7038297.0,14313450.0,21455813.0,5916173.0,30560071.0,59424834.0,819226.0,4279566.0,1632,99977.0,1307822.0,9294102.0,59305490.0,4226623.0,15101,9585,103454.0,20680831.0,51061265.0,2433988.0,57930364.0,265660556.0,3208300.0,23026206.0,170612.0,22107286.0,73759110.0,14180,208381.0,16103339.0,8684135.0,10994041.0
2000,19542982.0,3182021.0,30774621.0,58230,66097,16394062.0,11047,75055.0,37070774.0,3168523.0,89101.0,19017963.0,8010428.0,8190337.0,325014.0,711442.0,129193327.0,264657.0,10256483.0,10264343.0,240406.0,6998023.0,61371,587207.0,8592656.0,4179350.0,1726985.0,175873720.0,20104,333926.0,8097691.0,11882888.0,6307659.0,458251.0,12118841.0,15091594.0,30683313.0,13960,39658,3759170.0,8259137.0,15351799.0,1264099069.0,39215135.0,536758.0,3134030.0,15897,3979193.0,4548434.0,11105791.0,141424.0,948237.0,10234710.0,16799670.0,48616317.0,5340655.0,742033.0,68346,8540791.0,12626507.0,71371371.0,5958482.0,684977.0,2392880.0,1396877.0,1030496.0,67031867.0,45660,3080,832509.0,5176209.0,58665453.0,164351.0,250927.0,1272935.0,1437539.0,4265172.0,81551677.0,19665502.0,27741,11038109.0,56184,107432.0,424067.0,160188.0,11735894.0,8336967.0,1230849.0,759051.0,8360225.0,651,6656725.0,6731195.0,10202055.0,281462.0,1059633675.0,214072421.0,65544383.0,24628858.0,3768950.0,75562,6116958.0,56966397.0,2612205.0,126803861.0,5056174.0,15236253.0,30851606.0,88826.0,1934901.0,4935182.0,5430853.0,2392530.0,4320642.0,1998630.0,2895224.0,5154790.0,33026,3599637.0,435628.0,431896.0,16216431.0,11229387.0,22945150.0,282507.0,11239101.0,399212.0,54224,432543.0,2695003.0,1215930.0,159215.0,97873442.0,525386.0,4251573.0,32465,2450979.0,633324.0,5138,28554415.0,17768505.0,45538332.0,1819141.0,10377,24559500.0,15899135.0,221537.0,3855266.0,5123222.0,11622665.0,122851984.0,2074,23367059.0,2037936.0,80338,4491202.0,2344253.0,154369924.0,19726,3001731.0,5508297.0,5123819.0,26654439.0,77958223.0,38504431.0,10300626.0,3827108.0,645937.0,21919876.0,146844839.0,8109989.0,785424.0,7082,6024,45461,159500.0,29610,6274,184008.0,26823,143714.0,21547390.0,9704287.0,7935022.0,80060.0,4584067.0,4053602.0,30489,5376690.0,1984339.0,429978.0,8721465.0,46813266.0,46788591.0,6114440.0,40741651.0,18776371.0,113813.0,3139954.0,26298773.0,478998.0,8871043.0,7182059.0,16307654.0,22194731.0,6272998.0,34463704.0,63066603.0,878360.0,5008035.0,1666,102603.0,1332203.0,9893316.0,64113547.0,4569132.0,18744,9638,108185.0,24020697.0,48879755.0,3275333.0,58850043.0,282398554.0,3292224.0,24925554.0,192074.0,24427729.0,79001142.0,14723,270375.0,18628700.0,9891136.0,11834676.0
2005,24411191.0,3032634.0,32956690.0,57254,79826,19450959.0,12128,79869.0,39070501.0,3047246.0,94483.0,20171731.0,8227034.0,8656237.0,347804.0,901921.0,140912590.0,269477.0,9935163.0,10516978.0,280375.0,8149419.0,62959,663323.0,9377388.0,4094297.0,1892807.0,186797334.0,23497,366717.0,7815221.0,13876127.0,7388874.0,492827.0,13246583.0,17275171.0,32215916.0,16724,46727,4208834.0,10005012.0,16175311.0,1304887562.0,42220940.0,592683.0,3672839.0,15146,4315887.0,4429681.0,11246114.0,147263.0,1037062.0,10280113.0,18970215.0,56550247.0,5436313.0,830861.0,68674,9164768.0,13770012.0,79075310.0,6037817.0,864726.0,2831732.0,1354662.0,1071886.0,77469940.0,48291,3204,874923.0,5246071.0,60510079.0,201259.0,271060.0,1458353.0,1660368.0,3961182.0,81212168.0,22496951.0,29155,11113448.0,56887,110254.0,403233.0,164430.0,13132814.0,9140114.0,1379713.0,759709.0,9111900.0,628,7564613.0,6936874.0,10073525.0,297029.0,1154638713.0,228805144.0,70182594.0,28698684.0,4121216.0,79415,6714124.0,58199876.0,2676863.0,127798373.0,5678534.0,15656248.0,35843010.0,98164.0,2235403.0,5193114.0,5852970.0,2233157.0,4643044.0,1977424.0,3266318.0,5837986.0,34603,3373533.0,464860.0,488619.0,18792171.0,12755648.0,25923536.0,307018.0,13180551.0,410208.0,54337,400370.0,3012360.0,1258048.0,187142.0,105442402.0,527045.0,4001382.0,32141,2559255.0,632875.0,4693,30431902.0,20211114.0,47724471.0,1962865.0,10318,26285110.0,16261831.0,242141.0,4132781.0,5454678.0,13855221.0,140490722.0,1856,24100982.0,2078662.0,69025,4623689.0,2515192.0,174372098.0,19831,3305868.0,6498818.0,5476878.0,28147267.0,86261250.0,38575911.0,10523315.0,3805559.0,848710.0,21092264.0,143800049.0,9026299.0,833656.0,8044,5532,46725,165386.0,33452,6115,188626.0,29508,161680.0,24397644.0,10974057.0,7830944.0,85883.0,5683334.0,4344637.0,31494,5376242.0,2004778.0,482486.0,10467292.0,49017147.0,47889573.0,7662654.0,43685374.0,19673866.0,112043.0,3541193.0,29540577.0,516220.0,9051738.0,7428435.0,18583557.0,22796306.0,6929145.0,39439505.0,65821360.0,969313.0,5711597.0,1429,105633.0,1369075.0,10388344.0,68704715.0,4885775.0,23995,9912,106481.0,27946588.0,46912610.0,4280993.0,60383741.0,296842670.0,3317665.0,26573423.0,217632.0,26668785.0,83142095.0,14553,339187.0,21320671.0,11564870.0,12224753.0
2010,28189672.0,2913399.0,35856344.0,54849,71519,23364185.0,13172,85695.0,41100123.0,2946293.0,100341.0,22019168.0,8362829.0,9237202.0,373272.0,1213645.0,148391139.0,274711.0,9731427.0,10877947.0,322106.0,9445710.0,63447,705516.0,10223270.0,3811088.0,2091664.0,196353492.0,27556,396053.0,7592273.0,16116845.0,9126605.0,521212.0,14363532.0,19878036.0,33963412.0,20224,54074,4660067.0,11894727.0,17004162.0,1348191368.0,44816108.0,656024.0,4437884.0,17212,4622252.0,4368682.0,11290417.0,159380.0,1129686.0,10464749.0,21120042.0,66391257.0,5550849.0,919199.0,68755,9775755.0,14989585.0,87252413.0,6114034.0,1094524.0,3147727.0,1331535.0,1099920.0,89237791.0,48410,3187,905169.0,5363271.0,62444567.0,228453.0,283788.0,1711105.0,1937275.0,3836831.0,81325090.0,25574719.0,31262,11033783.0,56351,114039.0,403072.0,164905.0,14543121.0,10270728.0,1567220.0,747932.0,9842880.0,596,8450933.0,7132438.0,9986825.0,318333.0,1240613620.0,244016173.0,75373855.0,31264875.0,4524585.0,83828,7328445.0,59822450.0,2733896.0,128105431.0,6931258.0,16627837.0,41517895.0,107995.0,2943356.0,5483774.0,6323418.0,2101530.0,4995800.0,2022747.0,4019956.0,6491988.0,35926,3139019.0,507070.0,557297.0,21731053.0,14718422.0,28717731.0,361575.0,15529181.0,418755.0,53416,392181.0,3419461.0,1283330.0,211786.0,112532401.0,516770.0,3678186.0,33178,2702520.0,631044.0,4938,32464865.0,23073723.0,49390988.0,2099271.0,10241,27161567.0,16617117.0,261426.0,4346338.0,5855734.0,16647543.0,160952853.0,1812,24686435.0,2093828.0,54087,4889741.0,2881914.0,194454498.0,18540,3623617.0,7583269.0,5768613.0,29229572.0,94636700.0,38597353.0,10588401.0,3717922.0,1713504.0,20335211.0,143242599.0,10309031.0,890130.0,8988,5321,47403,170935.0,36458,6052,194672.0,31608,182138.0,29411929.0,12530121.0,7653748.0,92409.0,6436698.0,5163590.0,33034,5396424.0,2057287.0,540394.0,12026649.0,51784921.0,48813042.0,9714419.0,46572772.0,20668557.0,109308.0,3992278.0,33739933.0,546080.0,9381729.0,7822435.0,22337563.0,23083083.0,7621779.0,45110527.0,68270489.0,1088486.0,6571855.0,1367,107383.0,1410296.0,10895063.0,73195345.0,5267970.0,29726,10550,106142.0,32341728.0,45683020.0,8481771.0,62760039.0,311182845.0,3352651.0,28614227.0,245453.0,28715022.0,87411012.0,13142,413296.0,24743946.0,13792086.0,12839771.0
2015,33753499.0,2882481.0,39543154.0,51368,71746,28127721.0,14525,89941.0,43257065.0,2878595.0,104257.0,23820236.0,8642421.0,9863480.0,392697.0,1362142.0,157830000.0,278083.0,9700609.0,11248303.0,359871.0,10932783.0,63144,743274.0,11090085.0,3524324.0,2305171.0,205188205.0,29366,421437.0,7309253.0,18718019.0,10727148.0,552166.0,15417523.0,23012646.0,35732126.0,23164,60911,4819333.0,14140274.0,17870124.0,1393715448.0,47119728.0,730216.0,5064386.0,17695,4895242.0,4254815.0,11339894.0,169572.0,1187280.0,10523798.0,23596741.0,78656904.0,5677796.0,1006259.0,70007,10405832.0,16195902.0,97723799.0,6231066.0,1346973.0,3340006.0,1314657.0,1133936.0,102471895.0,48816,3408,917200.0,5479461.0,63809769.0,257026.0,291787.0,2028517.0,2253133.0,3771132.0,82073226.0,28870939.0,32520,10806641.0,55895,118980.0,399089.0,167978.0,16001107.0,11625998.0,1788919.0,755031.0,10563757.0,564,9294505.0,7399838.0,9844246.0,331060.0,1322866505.0,259091970.0,81790841.0,37757813.0,4665760.0,83593,8007778.0,60232906.0,2794445.0,127250933.0,9494246.0,17835909.0,46851488.0,116707.0,3908743.0,5914980.0,6787419.0,1991955.0,6398940.0,2118521.0,4612329.0,6192235.0,37355,2963765.0,569408.0,615239.0,24850912.0,16938942.0,31068833.0,435582.0,18112907.0,456579.0,49410,383515.0,3946220.0,1293153.0,249545.0,120149897.0,524049.0,3277388.0,36760,2964749.0,633966.0,5059,34680458.0,26843246.0,51483949.0,2282704.0,11185,27610325.0,17041107.0,283032.0,4590590.0,6298598.0,20128124.0,183995785.0,1847,25258015.0,2107962.0,51514,5190356.0,4191776.0,210969298.0,17794,3957099.0,8682174.0,6177950.0,30711863.0,103031365.0,38553146.0,10365435.0,3497335.0,2414573.0,19906079.0,144668389.0,11642959.0,922495.0,9643,5497,47790,175623.0,35020,5978,203571.0,33570,201124.0,32749848.0,14356181.0,7519496.0,99240.0,7314773.0,5650018.0,40205,5424444.0,2080862.0,612660.0,13763906.0,55876504.0,50994401.0,11194299.0,46431342.0,21336697.0,106482.0,4484614.0,38171178.0,575475.0,9849349.0,8281732.0,19205178.0,23512136.0,8524063.0,52542823.0,70294397.0,1205813.0,7473229.0,1454,106122.0,1460177.0,11557779.0,79646178.0,5766431.0,36538,10877,102803.0,37477356.0,44982564.0,8916899.0,65224364.0,324607776.0,3402818.0,30949417.0,276438.0,30529716.0,92191398.0,12182,491824.0,28516545.0,16248230.0,14154937.0
2016,,,,50448,72540,,14813,,,,,,,,,,,,,,,,63068,,,,,,29739,,,,,,,,,23770,62255,,,,,,,,17546,,,,,,,,,,,70075,,,,,,,,,,49500,3508,,,,,,,,,,,32565,,55916,,,,,,,,,556,,,,,,,,,,83450,,,,,,,,,,,,,,,,,37609,,,,,,,,,,48329,,,,,,,,37071,,,5085,,,,,11437,,,,,,,,1861,,,51133,,,,17816,,,,,,,,,,,,,,9842,5510,47788,,34811,5965,,33834,,,,,,,,41346,,,,,,,,,,,,,,,,,,,,,,,1427,,,,,,38246,10852,,,,,,,,,,,,12060,,,,
2017,,,,49463,73837,,15015,,,,,,,,,,,,,,,,63275,,,,,,30060,,,,,,,,,24366,63581,,,,,,,,17395,,,,,,,,,,,70403,,,,,,,,,,50230,3598,,,,,,,,,,,32602,,55928,,,,,,,,,547,,,,,,,,,,83580,,,,,,,,,,,,,,,,,37889,,,,,,,,,,47187,,,,,,,,37044,,,4699,,,,,11682,,,,,,,,1869,,,50729,,,,17837,,,,,,,,,,,,,,10044,5495,47785,,34496,5957,,34056,,,,,,,,41883,,,,,,,,,,,,,,,,,,,,,,,1486,,,,,,39844,10828,,,,,,,,,,,,11936,,,,
2018,,,,48424,75013,,15181,,,,,,,,,,,,,,,,63571,,,,,,30335,,,,,,,,,24970,64884,,,,,,,,17253,,,,,,,,,,,70823,,,,,,,,,,50955,3656,,,,,,,,,,,32648,,55931,,,,,,,,,537,,,,,,,,,,83775,,,,,,,,,,,,,,,,,38181,,,,,,,,,,45989,,,,,,,,37029,,,4359,,,,,11924,,,,,,,,1887,,,50304,,,,17864,,,,,,,,,,,,,,10258,5472,47761,,33852,5944,,34156,,,,,,,,42246,,,,,,,,,,,,,,,,,,,,,,,1621,,,,,,41487,10865,,,,,,,,,,,,11816,,,,
2019,,,,47321,76343,,15380,,,,,,,,,,,,,,,,63812,,,,,,30610,,,,,,,,,25570,66134,,,,,,,,17110,,,,,,,,,,,71428,,,,,,,,,,51681,3710,,,,,,,,,,,32685,,55931,,,,,,,,,528,,,,,,,,,,83933,,,,,,,,,,,,,,,,,38482,,,,,,,,,,44728,,,,,,,,37034,,,4505,,,,,12132,,,,,,,,1921,,,49858,,,,17916,,,,,,,,,,,,,,10480,5447,47712,,33121,5925,,34178,,,,,,,,42980,,,,,,,,,,,,,,,,,,,,,,,1752,,,,,,43080,10956,,,,,,,,,,,,11714,,,,
2020,38972230.0,2866849.0,43451666.0,46189,77700,33428486.0,15585,92664.0,45036032.0,2805608.0,106585.0,25670051.0,8907777.0,10284951.0,406471.0,1477469.0,167420951.0,280693.0,9633740.0,11561717.0,394921.0,12643123.0,64031,772506.0,11936162.0,3318407.0,2546402.0,213196304.0,30910,441725.0,6979175.0,21522626.0,12220227.0,582640.0,16396860.0,26491087.0,37888705.0,26153,67311,5343020.0,16644701.0,19300315.0,1424929781.0,50930662.0,806166.0,5702174.0,17029,5123105.0,4096869.0,11300698.0,189288.0,1237537.0,10530953.0,26811790.0,92853164.0,5825641.0,1090156.0,71995,10999664.0,17588595.0,107465134.0,6292731.0,1596049.0,3555868.0,1329444.0,1180655.0,117190911.0,52415,3747,920422.0,5529468.0,64480053.0,290969.0,301920.0,2292573.0,2573995.0,3765912.0,83328988.0,32180401.0,32709,10512232.0,56026,123663.0,395642.0,169231.0,17362718.0,13205153.0,2015828.0,797202.0,11306801.0,520,10121763.0,7500958.0,9750573.0,366669.0,1396387127.0,271857970.0,87290193.0,42556984.0,4946119.0,84046,8757489.0,59500579.0,2820436.0,125244761.0,10928721.0,18979243.0,51985780.0,126463.0,4360444.0,6424874.0,7319399.0,1897052.0,5662923.0,2254100.0,5087584.0,6653942.0,38756,2820267.0,630399.0,676283.0,28225177.0,19377061.0,33199993.0,514438.0,21224040.0,515358.0,43413,370391.0,4498604.0,1297828.0,305587.0,125998302.0,531088.0,3084847.0,36922,3294335.0,629048.0,4500,36688772.0,31178239.0,53423198.0,2489098.0,12315,29348627.0,17434557.0,286403.0,5061133.0,6755895.0,24333639.0,208327405.0,1942,25867467.0,2111072.0,49587,5379839.0,4543399.0,227196741.0,17972,4294396.0,9749640.0,6618695.0,33304756.0,112190977.0,38428366.0,10298192.0,3271564.0,2760385.0,19442038.0,145617329.0,13146362.0,957822.0,10681,5420,47642,179237.0,32553,5906,214929.0,34007,218641.0,35997107.0,16436120.0,7358005.0,105530.0,8233970.0,5909869.0,43621,5456681.0,2117641.0,691191.0,16537016.0,58801927.0,51844690.0,10606227.0,47363807.0,21715079.0,104632.0,5019401.0,44440486.0,607065.0,10368969.0,8638613.0,20772595.0,23821464.0,9543207.0,61704518.0,71475664.0,1299995.0,8442580.0,1827,105254.0,1518147.0,12161723.0,84135428.0,6250438.0,44276,11069,100442.0,44404611.0,43909666.0,9287289.0,67059474.0,335942003.0,3429086.0,33526656.0,311685.0,28490453.0,96648685.0,11655,556048.0,32284046.0,18927715.0,15669666.0
2021,,,,45035,79034,,15753,,,,,,,,,,,,,,,,64185,,,,,,31122,,,,,,,,,26706,68136,,,,,,,,17003,,,,,,,,,,,72412,,,,,,,,,,52889,3764,,,,,,,,,,,32669,,56243,,,,,,,,,511,,,,,,,,,,84263,,,,,,,,,,,,,,,,,39039,,,,,,,,,,42050,,,,,,,,36686,,,4417,,,,,12511,,,,,,,,1937,,,49481,,,,18024,,,,,,,,,,,,,,10861,5404,47606,,31948,5883,,33745,,,,,,,,44042,,,,,,,,,,,,,,,,,,,,,,,1849,,,,,,45114,11204,,,,,,,,,,,,11627,,,,
2022,41128771.0,2842321.0,44903225.0,44273,79824,35588987.0,15857,93763.0,45510318.0,2780469.0,106445.0,26177413.0,8939617.0,10358074.0,409984.0,1472233.0,171186372.0,281635.0,9534954.0,11655930.0,405272.0,13352864.0,64184,782455.0,12224110.0,3233526.0,2630296.0,215313498.0,31305,449002.0,6781953.0,22673762.0,12889576.0,593149.0,16767842.0,27914536.0,38454327.0,27026,68706,5579144.0,17723315.0,19603733.0,1425887337.0,51874024.0,836774.0,5970424.0,17011,5180829.0,4030358.0,11212191.0,191163.0,1251488.0,10493986.0,28160542.0,99010212.0,5882261.0,1120849.0,72737,11228821.0,18001000.0,110990103.0,6336392.0,1674908.0,3684032.0,1326062.0,1201670.0,123379924.0,53090,3780,929766.0,5540745.0,64626628.0,304557.0,306279.0,2388992.0,2705992.0,3744385.0,83369843.0,33475870.0,32649,10384971.0,56466,125438.0,395752.0,171774.0,17843908.0,13859341.0,2105566.0,808726.0,11584996.0,510,10432860.0,7488865.0,9967308.0,372899.0,1417173173.0,275501339.0,88550570.0,44496122.0,5023109.0,84519,9038309.0,59037474.0,2827377.0,123951692.0,11285869.0,19397998.0,54027487.0,131232.0,4268873.0,6630623.0,7529475.0,1850651.0,5489739.0,2305825.0,5302681.0,6812341.0,39327,2750055.0,647599.0,695168.0,29611714.0,20405317.0,33938221.0,523787.0,22593590.0,533286.0,41569,367507.0,4736139.0,1299469.0,326101.0,127504125.0,,3272996.0,36469,3398366.0,627082.0,4390,37457971.0,32969518.0,54179306.0,2567012.0,12668,30547580.0,17564014.0,289950.0,5185288.0,6948392.0,26207977.0,218541212.0,1934,26069416.0,2093599.0,49551,5434319.0,4576298.0,235824862.0,18055,4408581.0,10142619.0,6780744.0,34049588.0,115559009.0,39857145.0,10270865.0,3252407.0,2695122.0,19659267.0,144713314.0,13776698.0,974052.0,10967,5374,47657,179857.0,31791,5862,222382.0,33660,227380.0,36408820.0,17316449.0,7221365.0,107118.0,8605718.0,5975689.0,44175,5643453.0,2119844.0,724273.0,17597511.0,59893885.0,51815810.0,10913164.0,47558630.0,21832143.0,103948.0,5250072.0,46874204.0,618040.0,10549347.0,8740472.0,22125249.0,23893394.0,9952787.0,65497748.0,71697030.0,1341296.0,8848699.0,1871,106858.0,1531044.0,12356117.0,85341241.0,6430770.0,45703,11312,99465.0,47249585.0,39701739.0,9441129.0,67508936.0,338289857.0,3422794.0,34627652.0,326740.0,28301696.0,98186856.0,11572,575986.0,33696614.0,20017675.0,16320537.0
2023,42239854.0,2832439.0,45606480.0,43914,80088,36684202.0,15899,94298.0,45773884.0,2777970.0,106277.0,26439111.0,8958960.0,10412651.0,412623.0,1485509.0,172954319.0,281995.0,9498238.0,11686140.0,410825.0,13712828.0,64069,787424.0,12388571.0,3210847.0,2675352.0,216422446.0,31538,452524.0,6687717.0,23251485.0,13238559.0,598682.0,16944826.0,28647293.0,38781291.0,27148,69310,5742315.0,18278568.0,19629590.0,1425671352.0,52085168.0,852075.0,6106869.0,17044,5212173.0,4008617.0,11194449.0,192077.0,1260138.0,10495295.0,28873034.0,102262808.0,5910913.0,1136455.0,73040,11332972.0,18190484.0,112716598.0,6364943.0,1714671.0,3748901.0,1322765.0,1210822.0,126527060.0,53270,3791,936375.0,5545475.0,64756584.0,312155.0,308872.0,2436566.0,2773168.0,3728282.0,83294633.0,34121985.0,32688,10341277.0,56643,126183.0,395839.0,172952.0,18092026.0,14190612.0,2150842.0,813834.0,11724763.0,518,10593798.0,7491609.0,10156239.0,375318.0,1428627663.0,277534122.0,89172767.0,45504560.0,5056935.0,84710,9174520.0,58870762.0,2825544.0,123294513.0,11337052.0,19606633.0,55100586.0,133515.0,4310108.0,6735347.0,7633779.0,1830211.0,5353930.0,2330318.0,5418377.0,6888388.0,39584,2718352.0,654768.0,704149.0,30325732.0,20931751.0,34308525.0,521021.0,23293698.0,535064.0,41996,366981.0,4862989.0,1300557.0,335995.0,128455567.0,,3435931.0,36297,3447157.0,626485.0,4386,37840044.0,33897354.0,54577997.0,2604172.0,12780,30896590.0,17618299.0,292991.0,5228100.0,7046310.0,27202843.0,223804632.0,1935,26160821.0,2085679.0,49796,5474360.0,4644384.0,240485658.0,18058,4468087.0,10329931.0,6861524.0,34352719.0,117337368.0,41026067.0,10247605.0,3260314.0,2716391.0,19892812.0,144444359.0,14094683.0,981796.0,10994,5314,47755,180251.0,32077,5840,225681.0,33642,231856.0,36947025.0,17763163.0,7149077.0,107660.0,8791092.0,6014723.0,44222,5795199.0,2119675.0,740424.0,18143378.0,60414495.0,51784059.0,11088796.0,47519628.0,21893579.0,103698.0,5371230.0,48109006.0,623236.0,10612086.0,8796669.0,23227014.0,23923276.0,10143543.0,67438106.0,71801279.0,1360596.0,9053799.0,1893,107773.0,1534937.0,12458223.0,85816199.0,6516100.0,46062,11396,98750.0,48582334.0,36744634.0,9516871.0,67736802.0,339996563.0,3423108.0,35163944.0,334506.0,28838499.0,98858950.0,11502,587259.0,34449825.0,20569737.0,16665409.0
